BBI Names,PBP stats names,Synergy names,NBA Names
A.J. Lawson,A.J. Lawson,A.J. Lawson,A.J. Lawson
Aaron Gordon,Aaron Gordon,Aaron Gordon,Aaron Gordon
Aaron Holiday,Aaron Holiday,Aaron Holiday,Aaron Holiday
Aaron Nesmith,Aaron Nesmith,Aaron Nesmith,Aaron Nesmith
Aaron Wiggins,Aaron Wiggins,Aaron Wiggins,Aaron Wiggins
Adam Flagler,,Adam Flagler,Adam Flagler
Adama Sanogo,Adama Sanogo,Adama Sanogo,Adama Sanogo
Admiral Schofield,Admiral Schofield,Admiral Schofield,Admiral Schofield
AJ Green,AJ Green,A.J. Green,AJ Green
AJ Griffin,AJ Griffin,AJ Griffin,AJ Griffin
Al Horford,Al Horford,Al Horford,Al Horford
Alec Burks,Alec Burks,Alec Burks,Alec Burks
Aleksej Pokusevski,Aleksej Pokusevski,Aleksej Pokusevski,Aleksej Pokusevski
Alex Caruso,Alex Caruso,Alex Caruso,Alex Caruso
Alex Fudge,,Alex Fudge,Alex Fudge
Alex Len,Alex Len,Alex Len,Alex Len
Alondes Williams,,Alondes Williams,Alondes Williams
Alperen Sengun,Alperen Sengun,Alperen Sengun,Alperen Sengun
Amari Bailey,,Amari Bailey,Amari Bailey
Amen Thompson,Amen Thompson,Amen Thompson,Amen Thompson
Amir Coffey,Amir Coffey,Amir Coffey,Amir Coffey
Andre Drummond,Andre Drummond,Andre Drummond,Andre Drummond
Andre Jackson Jr.,Andre Jackson Jr.,Andre Jackson Jr.,Andre Jackson Jr.
Andrew Funk,,Andrew Funk,Andrew Funk
Andrew Nembhard,Andrew Nembhard,Andrew Nembhard,Andrew Nembhard
Andrew Wiggins,Andrew Wiggins,Andrew Wiggins,Andrew Wiggins
Anfernee Simons,Anfernee Simons,Anfernee Simons,Anfernee Simons
Anthony Black,Anthony Black,Anthony Black,Anthony Black
Anthony Davis,Anthony Davis,Anthony Davis,Anthony Davis
Anthony Edwards,Anthony Edwards,Anthony Edwards,Anthony Edwards
Anthony Gill,Anthony Gill,Anthony Gill,Anthony Gill
Armoni Brooks,Armoni Brooks,Armoni Brooks,Armoni Brooks
Ashton Hagans,Ashton Hagans,Ashton Hagans,Ashton Hagans
Ausar Thompson,Ausar Thompson,Ausar Thompson,Ausar Thompson
Austin Reaves,Austin Reaves,Austin Reaves,Austin Reaves
Ayo Dosunmu,Ayo Dosunmu,Ayo Dosunmu,Ayo Dosunmu
Bam Adebayo,Bam Adebayo,Bam Adebayo,Bam Adebayo
Ben Sheppard,Ben Sheppard,Ben Sheppard,Ben Sheppard
Ben Simmons,Ben Simmons,Ben Simmons,Ben Simmons
Bennedict Mathurin,Bennedict Mathurin,Bennedict Mathurin,Bennedict Mathurin
Bilal Coulibaly,Bilal Coulibaly,Bilal Coulibaly,Bilal Coulibaly
Bismack Biyombo,Bismack Biyombo,Bismack Biyombo,Bismack Biyombo
Blake Wesley,Blake Wesley,Blake Wesley,Blake Wesley
Boban Marjanovic,Boban Marjanovic,Boban Marjanovic,Boban Marjanović
Bobby Portis,Bobby Portis,Bobby Portis,Bobby Portis
Bogdan Bogdanovic,Bogdan Bogdanovic,Bogdan Bogdanovic,Bogdan Bogdanović
Bojan Bogdanovic,Bojan Bogdanovic,Bojan Bogdanovic,Bojan Bogdanović
Bol Bol,Bol Bol,Bol Bol,Bol Bol
Bones Hyland,Bones Hyland,Bones Hyland,Bones Hyland
Bradley Beal,Bradley Beal,Bradley Beal,Bradley Beal
Brandin Podziemski,Brandin Podziemski,Brandin Podziemski,Brandin Podziemski
Brandon Boston,Brandon Boston Jr.,Brandon Boston Jr.,Brandon Boston
Brandon Clarke,Brandon Clarke,Brandon Clarke,Brandon Clarke
Brandon Ingram,Brandon Ingram,Brandon Ingram,Brandon Ingram
Brandon Miller,Brandon Miller,Brandon Miller,Brandon Miller
Brandon Williams,Brandon Williams,Brandon Williams,Brandon Williams
Braxton Key,,Braxton Key,Braxton Key
Brice Sensabaugh,Brice Sensabaugh,Brice Sensabaugh,Brice Sensabaugh
Brook Lopez,Brook Lopez,Brook Lopez,Brook Lopez
Bruce Brown,Bruce Brown,Bruce Brown,Bruce Brown
Bruno Fernando,Bruno Fernando,Bruno Fernando,Bruno Fernando
Bryce McGowens,Bryce McGowens,Bryce McGowens,Bryce McGowens
Buddy Boeheim,Buddy Boeheim,Buddy Boeheim,Buddy Boeheim
Buddy Hield,Buddy Hield,Buddy Hield,Buddy Hield
Cade Cunningham,Cade Cunningham,Cade Cunningham,Cade Cunningham
Caleb Houstan,Caleb Houstan,Caleb Houstan,Caleb Houstan
Caleb Martin,Caleb Martin,Caleb Martin,Caleb Martin
Cam Reddish,Cam Reddish,Cam Reddish,Cam Reddish
Cam Thomas,Cam Thomas,Cam Thomas,Cam Thomas
Cam Whitmore,Cam Whitmore,Cam Whitmore,Cam Whitmore
Cameron Johnson,Cameron Johnson,Cameron Johnson,Cameron Johnson
Cameron Payne,Cameron Payne,Cameron Payne,Cameron Payne
Caris LeVert,Caris LeVert,Caris LeVert,Caris LeVert
Cason Wallace,Cason Wallace,Cason Wallace,Cason Wallace
Cedi Osman,Cedi Osman,Cedi Osman,Cedi Osman
Charles Bassey,Charles Bassey,Charles Bassey,Charles Bassey
Charlie Brown Jr.,,Charlie Brown Jr,Charlie Brown Jr.
Chet Holmgren,Chet Holmgren,Chet Holmgren,Chet Holmgren
Chimezie Metu,Chimezie Metu,Chimezie Metu,Chimezie Metu
Chris Boucher,Chris Boucher,Chris Boucher,Chris Boucher
Chris Duarte,Chris Duarte,Chris Duarte,Chris Duarte
Chris Livingston,Chris Livingston,Chris Livingston,Chris Livingston
Chris Paul,Chris Paul,Chris Paul,Chris Paul
Christian Braun,Christian Braun,Christian Braun,Christian Braun
Christian Wood,Christian Wood,Christian Wood,Christian Wood
Chuma Okeke,Chuma Okeke,Chuma Okeke,Chuma Okeke
CJ McCollum,CJ McCollum,CJ McCollum,CJ McCollum
Clint Capela,Clint Capela,Clint Capela,Clint Capela
Coby White,Coby White,Coby White,Coby White
Cody Martin,Cody Martin,Cody Martin,Cody Martin
Cody Zeller,Cody Zeller,Cody Zeller,Cody Zeller
Colby Jones,Colby Jones,Colby Jones,Colby Jones
Cole Anthony,Cole Anthony,Cole Anthony,Cole Anthony
Cole Swider,Cole Swider,Cole Swider,Cole Swider
Colin Castleton,,Colin Castleton,Colin Castleton
Collin Gillespie,Collin Gillespie,Collin Gillespie,Collin Gillespie
Collin Sexton,Collin Sexton,Collin Sexton,Collin Sexton
Corey Kispert,Corey Kispert,Corey Kispert,Corey Kispert
Cory Joseph,Cory Joseph,Cory Joseph,Cory Joseph
Craig Porter Jr.,Craig Porter Jr.,Craig Porter,Craig Porter Jr.
D.J. Carton,,D.J. Carton,D.J. Carton
D.J. Wilson,,D.J. Wilson,D.J. Wilson
D'Angelo Russell,D'Angelo Russell,DAngelo  Russell,D'Angelo Russell
D'Moi Hodge,,D'Moi Hodge,D'Moi Hodge
Daishen Nix,,Daishen Nix,Daishen Nix
Dalano Banton,Dalano Banton,Dalano Banton,Dalano Banton
Dalen Terry,Dalen Terry,Dalen Terry,Dalen Terry
Damian Jones,Damian Jones,Damian Jones,Damian Jones
Damian Lillard,Damian Lillard,Damian Lillard,Damian Lillard
Daniel Gafford,Daniel Gafford,Daniel Gafford,Daniel Gafford
Daniel Theis,Daniel Theis,Daniel Theis,Daniel Theis
Danilo Gallinari,Danilo Gallinari,Danilo Gallinari,Danilo Gallinari
Danny Green,,Danny Green,Danny Green
Dante Exum,Dante Exum,Dante Exum,Danté Exum
Danuel House Jr.,Danuel House Jr.,Danuel House Jr.,Danuel House Jr.
DaQuan Jeffries,,DaQuan Jeffries,DaQuan Jeffries
Dario Saric,Dario Saric,Dario Saric,Dario Šarić
Dariq Whitehead,,Dariq Whitehead,Dariq Whitehead
Darius Bazley,Darius Bazley,Darius Bazley,Darius Bazley
Darius Garland,Darius Garland,Darius Garland,Darius Garland
David Duke Jr.,,David Duke Jr.,David Duke Jr.
David Roddy,David Roddy,David Roddy,David Roddy
Davion Mitchell,Davion Mitchell,Davion Mitchell,Davion Mitchell
Davis Bertans,Davis Bertans,Davis Bertans,Dāvis Bertāns
Day'Ron Sharpe,Day'Ron Sharpe,Day'Ron Sharpe,Day'Ron Sharpe
De'Aaron Fox,De'Aaron Fox,De Aaron Fox,De'Aaron Fox
De'Andre Hunter,De'Andre Hunter,De'Andre Hunter,De'Andre Hunter
De'Anthony Melton,De'Anthony Melton,De'Anthony Melton,De'Anthony Melton
Dean Wade,Dean Wade,Dean Wade,Dean Wade
Deandre Ayton,Deandre Ayton,Deandre Ayton,Deandre Ayton
DeAndre Jordan,DeAndre Jordan,DeAndre Jordan,DeAndre Jordan
DeJon Jarreau,DeJon Jarreau,DeJon Jarreau,DeJon Jarreau
Dejounte Murray,Dejounte Murray,Dejounte Murray,Dejounte Murray
Delon Wright,Delon Wright,Delon Wright,Delon Wright
DeMar DeRozan,DeMar DeRozan,DeMar DeRozan,DeMar DeRozan
Deni Avdija,Deni Avdija,Deni Avdija,Deni Avdija
Dennis Schroder,Dennis Schroder,Dennis Schroder,Dennis Schröder
Dennis Smith Jr.,Dennis Smith Jr.,Dennis Smith Jr.,Dennis Smith Jr.
Dereck Lively II,Dereck Lively II,Dereck Lively II,Dereck Lively II
Dereon Seabron,,Dereon Seabron,Dereon Seabron
Derrick Jones Jr.,Derrick Jones Jr.,Derrick Jones Jr.,Derrick Jones Jr.
Derrick Rose,Derrick Rose,Derrick Rose,Derrick Rose
Derrick White,Derrick White,Derrick White,Derrick White
Desmond Bane,Desmond Bane,Desmond Bane,Desmond Bane
Devin Booker,Devin Booker,Devin Booker,Devin Booker
Devin Vassell,Devin Vassell,Devin Vassell,Devin Vassell
Devonte' Graham,Devonte' Graham,Devonte' Graham,Devonte' Graham
Dexter Dennis,,Dexter Dennis,Dexter Dennis
Dillon Brooks,Dillon Brooks,Dillon Brooks,Dillon Brooks
Dmytro Skapintsev,,Dmytro Skapintsev,Dmytro Skapintsev
Domantas Sabonis,Domantas Sabonis,Domantas Sabonis,Domantas Sabonis
Dominick Barlow,Dominick Barlow,Dominick Barlow,Dominick Barlow
Donovan Mitchell,Donovan Mitchell,Donovan Mitchell,Donovan Mitchell
Donte DiVincenzo,Donte DiVincenzo,Donte DiVincenzo,Donte DiVincenzo
Dorian Finney-Smith,Dorian Finney-Smith,Dorian Finney-Smith,Dorian Finney-Smith
Doug McDermott,Doug McDermott,Doug McDermott,Doug McDermott
Draymond Green,Draymond Green,Draymond Green,Draymond Green
Drew Eubanks,Drew Eubanks,Drew Eubanks,Drew Eubanks
Drew Peterson,,Drew Peterson,Drew Peterson
Dru Smith,Dru Smith,Dru Smith,Dru Smith
Duncan Robinson,Duncan Robinson,Duncan Robinson,Duncan Robinson
Duop Reath,Duop Reath,Duop Reath,Duop Reath
Dwight Powell,Dwight Powell,Dwight  Powell,Dwight Powell
Dylan Windler,Dylan Windler,Dylan Windler,Dylan Windler
Dyson Daniels,Dyson Daniels,Dyson Daniels,Dyson Daniels
E.J. Liddell,,E.J. Liddell,E.J. Liddell
Emoni Bates,Emoni Bates,Emoni Bates,Emoni Bates
Eric Gordon,Eric Gordon,Eric Gordon,Eric Gordon
Eugene Omoruyi,Eugene Omoruyi,Eugene Omoruyi,Eugene Omoruyi
Evan Fournier,Evan Fournier,Evan Fournier,Evan Fournier
Evan Mobley,Evan Mobley,Evan Mobley,Evan Mobley
Filip Petrusev,,Filip Petrusev,Filip Petrusev
Frank Ntilikina,,Frank Ntilikina,Frank Ntilikina
Franz Wagner,Franz Wagner,Franz Wagner,Franz Wagner
Fred VanVleet,Fred VanVleet,Fred VanVleet,Fred VanVleet
Furkan Korkmaz,Furkan Korkmaz,Furkan Korkmaz,Furkan Korkmaz
Gabe Vincent,Gabe Vincent,Gabe Vincent,Gabe Vincent
Garrett Temple,Garrett Temple,Garrett Temple,Garrett Temple
Garrison Mathews,Garrison Mathews,Garrison Mathews,Garrison Mathews
Gary Harris,Gary Harris,Gary Harris,Gary Harris
Gary Payton II,Gary Payton II,Gary Payton II,Gary Payton II
Gary Trent Jr.,Gary Trent Jr.,Gary Trent Jr.,Gary Trent Jr.
Georges Niang,Georges Niang,Georges Niang,Georges Niang
GG Jackson,GG Jackson,GG Jackson,GG Jackson
Giannis Antetokounmpo,Giannis Antetokounmpo,Giannis Antetokounmpo,Giannis Antetokounmpo
Goga Bitadze,Goga Bitadze,Goga Bitadze,Goga Bitadze
Gordon Hayward,Gordon Hayward,Gordon Hayward,Gordon Hayward
Gradey Dick,Gradey Dick,Gradey Dick,Gradey Dick
Grant Williams,Grant Williams,Grant Williams,Grant Williams
Grayson Allen,Grayson Allen,Grayson Allen,Grayson Allen
Greg Brown III,,Greg Brown III,Greg Brown III
Gui Santos,Gui Santos,Gui Santos,Gui Santos
Hamidou Diallo,,Hamidou Diallo,Hamidou Diallo
Harrison Barnes,Harrison Barnes,Harrison Barnes,Harrison Barnes
Harry Giles III,Harry Giles III,Harry Giles III,Harry Giles III
Haywood Highsmith,Haywood Highsmith,Haywood Highsmith,Haywood Highsmith
Henri Drell,,Henri Drell,Henri Drell
Herbert Jones,Herbert Jones,Herbert Jones,Herbert Jones
Hunter Tyson,,Hunter Tyson,Hunter Tyson
Ibou Badji,Ibou Badji,Ibou Badji,Ibou Badji
Immanuel Quickley,Immanuel Quickley,Immanuel Quickley,Immanuel Quickley
Isaac Okoro,Isaac Okoro,Isaac Okoro,Isaac Okoro
Isaiah Hartenstein,Isaiah Hartenstein,Isaiah Hartenstein,Isaiah Hartenstein
Isaiah Jackson,Isaiah Jackson,Isaiah Jackson,Isaiah Jackson
Isaiah Joe,Isaiah Joe,Isaiah Joe,Isaiah Joe
Isaiah Livers,Isaiah Livers,Isaiah Livers,Isaiah Livers
Isaiah Mobley,Isaiah Mobley,Isaiah Mobley,Isaiah Mobley
Isaiah Stewart,Isaiah Stewart,Isaiah Stewart,Isaiah Stewart
Isaiah Thomas,,Isaiah Thomas,Isaiah Thomas
,,Isaiah  Thomas,Isaiah Thomas
Isaiah Wong,,Isaiah Wong,Isaiah Wong
Ish Smith,Ish Smith,Ish Smith,Ish Smith
Ish Wainright,,Ish Wainright,Ish Wainright
Ivica Zubac,Ivica Zubac,Ivica Zubac,Ivica Zubac
Izaiah Brockington,,Izaiah Brockington,Izaiah Brockington
Ja Morant,Ja Morant,Ja Morant,Ja Morant
Jabari Smith Jr.,Jabari Smith Jr.,Jabari Smith II,Jabari Smith Jr.
Jabari Walker,Jabari Walker,Jabari Walker,Jabari Walker
Jack White,,Jack White,Jack White
Jacob Gilyard,Jacob Gilyard,Jacob Gilyard,Jacob Gilyard
Jacob Toppin,,Jacob Toppin,Jacob Toppin
Jaden Hardy,Jaden Hardy,Jaden Hardy,Jaden Hardy
Jaden Ivey,Jaden Ivey,Jaden Ivey,Jaden Ivey
Jaden McDaniels,Jaden McDaniels,Jaden McDaniels,Jaden McDaniels
Jaden Springer,Jaden Springer,Jaden Springer,Jaden Springer
Jae Crowder,Jae Crowder,Jae Crowder,Jae Crowder
Jae'Sean Tate,Jae'Sean Tate,Jae'Sean Tate,Jae'Sean Tate
Jahmi'us Ramsey,Jahmi'us Ramsey,Jahmi'us Ramsey,Jahmi'us Ramsey
Jaime Jaquez Jr.,Jaime Jaquez Jr.,Jaime Jaquez Jr.,Jaime Jaquez Jr.
Jake LaRavia,Jake LaRavia,Jake LaRavia,Jake LaRavia
Jakob Poeltl,Jakob Poeltl,Jakob Poeltl,Jakob Poeltl
Jalen Brunson,Jalen Brunson,Jalen Brunson,Jalen Brunson
Jalen Crutcher,,Jalen Crutcher,Jalen Crutcher
Jalen Duren,Jalen Duren,Jalen Duren,Jalen Duren
Jalen Green,Jalen Green,Jalen Green,Jalen Green
Jalen Hood-Schifino,Jalen Hood-Schifino,Jalen Hood-Schifino,Jalen Hood-Schifino
Jalen Johnson,Jalen Johnson,Jalen Johnson,Jalen Johnson
Jalen McDaniels,Jalen McDaniels,Jalen McDaniels,Jalen McDaniels
Jalen Pickett,Jalen Pickett,Jalen Pickett,Jalen Pickett
Jalen Slawson,,Jalen Slawson,Jalen Slawson
Jalen Smith,Jalen Smith,Jalen Smith,Jalen Smith
Jalen Suggs,Jalen Suggs,Jalen Suggs,Jalen Suggs
Jalen Williams,Jalen Williams,Jalen Williams,Jalen Williams
Jalen Wilson,Jalen Wilson,Jalen Wilson,Jalen Wilson
Jamal Cain,Jamal Cain,Jamal Cain,Jamal Cain
Jamal Murray,Jamal Murray,Jamal Murray,Jamal Murray
Jamaree Bouyea,Jamaree Bouyea,Jamaree Bouyea,Jamaree Bouyea
James Bouknight,James Bouknight,James Bouknight,James Bouknight
James Harden,James Harden,James Harden,James Harden
James Johnson,,James Johnson,James Johnson
James Wiseman,James Wiseman,James Wiseman,James Wiseman
Jarace Walker,Jarace Walker,Jarace Walker,Jarace Walker
Jared Butler,Jared Butler,Jared Butler,Jared Butler
Jared Rhoden,Jared Rhoden,Jared Rhoden,Jared Rhoden
Jaren Jackson Jr.,Jaren Jackson Jr.,Jaren Jackson Jr.,Jaren Jackson Jr.
Jarred Vanderbilt,Jarred Vanderbilt,Jarred Vanderbilt,Jarred Vanderbilt
Jarrett Allen,Jarrett Allen,Jarrett Allen,Jarrett Allen
Jason Preston,Jason Preston,Jason Preston,Jason Preston
JaVale McGee,JaVale McGee,JaVale McGee,JaVale McGee
Javon Freeman-Liberty,Javon Freeman-Liberty,Javon Freeman-Liberty,Javon Freeman-Liberty
Javonte Green,Javonte Green,Javonte Green,Javonte Green
Javonte Smart,,,Javonte Smart
Jaxson Hayes,Jaxson Hayes,Jaxson Hayes,Jaxson Hayes
Jay Huff,,Jay Huff,Jay Huff
Jaylen Brown,Jaylen Brown,Jaylen Brown,Jaylen Brown
Jaylen Nowell,Jaylen Nowell,Jaylen Nowell,Jaylen Nowell
Jaylin Williams,Jaylin Williams,Jaylin Williams,Jaylin Williams
Jayson Tatum,Jayson Tatum,Jayson Tatum,Jayson Tatum
JD Davison,,JD Davison,JD Davison
,,Jeenathan Williams,
Jeff Dowtin Jr.,Jeff Dowtin Jr.,Jeff Dowtin Jr.,Jeff Dowtin Jr.
Jeff Green,Jeff Green,Jeff Green,Jeff Green
Jerami Grant,Jerami Grant,Jerami Grant,Jerami Grant
Jeremiah Robinson-Earl,Jeremiah Robinson-Earl,Jeremiah Robinson-Earl,Jeremiah Robinson-Earl
Jeremy Sochan,Jeremy Sochan,Jeremy Sochan,Jeremy Sochan
Jericho Sims,Jericho Sims,Jericho Sims,Jericho Sims
Jermaine Samuels Jr.,,Jermaine Samuels Jr.,Jermaine Samuels Jr.
Jerome Robinson,Jerome Robinson,Jerome Robinson,Jerome Robinson
Jett Howard,Jett Howard,Jett Howard,Jett Howard
Jevon Carter,Jevon Carter,Jevon Carter,Jevon Carter
Jimmy Butler,Jimmy Butler,Jimmy Butler,Jimmy Butler III
Jock Landale,Jock Landale,Jock Landale,Jock Landale
Joe Harris,Joe Harris,Joe Harris,Joe Harris
Joe Ingles,Joe Ingles,Joe Ingles,Joe Ingles
Joel Embiid,Joel Embiid,Joel Embiid,Joel Embiid
John Collins,John Collins,John Collins,John Collins
John Konchar,John Konchar,John Konchar,John Konchar
,Johnny Davis,Johnny Davis,Johnny Davis
Johnny Juzang,Johnny Juzang,Johnny Juzang,Johnny Juzang
Jonas Valanciunas,Jonas Valanciunas,Jonas Valanciunas,Jonas Valančiūnas
Jonathan Isaac,Jonathan Isaac,Jonathan Isaac,Jonathan Isaac
Jonathan Kuminga,Jonathan Kuminga,Jonathan Kuminga,Jonathan Kuminga
Jontay Porter,Jontay Porter,Jontay Porter,Jontay Porter
Jordan Clarkson,Jordan Clarkson,Jordan Clarkson,Jordan Clarkson
Jordan Ford,,Jordan Ford,Jordan Ford
Jordan Goodwin,Jordan Goodwin,Jordan Goodwin,Jordan Goodwin
Jordan Hawkins,Jordan Hawkins,Jordan Hawkins,Jordan Hawkins
Jordan McLaughlin,Jordan McLaughlin,Jordan McLaughlin,Jordan McLaughlin
Jordan Miller,,Jordan Miller,Jordan Miller
Jordan Nwora,Jordan Nwora,Jordan Nwora,Jordan Nwora
Jordan Poole,Jordan Poole,Jordan Poole,Jordan Poole
Jordan Walsh,Jordan Walsh,Jordan Walsh,Jordan Walsh
Jose Alvarado,Jose Alvarado,Jose Alvarado,Jose Alvarado
Josh Giddey,Josh Giddey,Josh Giddey,Josh Giddey
Josh Green,Josh Green,Josh Green,Josh Green
Josh Hart,Josh Hart,Josh Hart,Josh Hart
Josh Minott,Josh Minott,Josh Minott,Josh Minott
Josh Okogie,Josh Okogie,Josh Okogie,Josh Okogie
Josh Richardson,Josh Richardson,Josh Richardson,Josh Richardson
Joshua Primo,,Joshua Primo,Joshua Primo
Jrue Holiday,Jrue Holiday,Jrue Holiday,Jrue Holiday
JT Thor,JT Thor,JT Thor,JT Thor
Juan Toscano-Anderson,,Juan Toscano-Anderson,Juan Toscano-Anderson
Jules Bernard,Jules Bernard,Jules Bernard,Jules Bernard
Julian Champagnie,Julian Champagnie,Julian Champagnie,Julian Champagnie
Julian Phillips,Julian Phillips,Julian Phillips,Julian Phillips
Julian Strawther,Julian Strawther,Julian Strawther,Julian Strawther
Julius Randle,Julius Randle,Julius Randle,Julius Randle
Justin Champagnie,Justin Champagnie,Justin Champagnie,Justin Champagnie
Justin Holiday,Justin Holiday,Justin Holiday,Justin Holiday
Justin Jackson,,,Justin Jackson
Justin Minaya,Justin Minaya,Justin Minaya,Justin Minaya
Jusuf Nurkic,Jusuf Nurkic,Jusuf Nurkic,Jusuf Nurkić
Kaiser Gates,,Kaiser Gates,Kaiser Gates
Karl-Anthony Towns,Karl-Anthony Towns,Karl-Anthony Towns,Karl-Anthony Towns
Kawhi Leonard,Kawhi Leonard,Kawhi Leonard,Kawhi Leonard
Keegan Murray,Keegan Murray,Keegan Murray,Keegan Murray
Keita Bates-Diop,Keita Bates-Diop,Keita Bates-Diop,Keita Bates-Diop
Keldon Johnson,Keldon Johnson,Keldon Johnson,Keldon Johnson
Kelly Olynyk,Kelly Olynyk,Kelly Olynyk,Kelly Olynyk
Kelly Oubre Jr.,Kelly Oubre Jr.,Kelly Oubre Jr.,Kelly Oubre Jr.
Kendall Brown,,Kendall Brown,Kendall Brown
Kenneth Lofton Jr.,Kenneth Lofton Jr.,Kenneth Lofton Jr.,Kenneth Lofton Jr.
Kenrich Williams,Kenrich Williams,Kenrich Williams,Kenrich Williams
Kentavious Caldwell-Pope,Kentavious Caldwell-Pope,Kentavious Caldwell-Pope,Kentavious Caldwell-Pope
Keon Ellis,Keon Ellis,Keon Ellis,Keon Ellis
Keon Johnson,,Keon Johnson,Keon Johnson
Kessler Edwards,Kessler Edwards,Kessler Edwards,Kessler Edwards
Kevin Durant,Kevin Durant,Kevin Durant,Kevin Durant
Kevin Huerter,Kevin Huerter,Kevin Huerter,Kevin Huerter
Kevin Knox II,Kevin Knox II,Kevin Knox II,Kevin Knox II
Kevin Love,Kevin Love,Kevin Love,Kevin Love
Kevon Harris,,Kevon Harris,Kevon Harris
Kevon Looney,Kevon Looney,Kevon Looney,Kevon Looney
Keyontae Johnson,,Keyontae Johnson,Keyontae Johnson
Keyonte George,Keyonte George,Keyonte George,Keyonte George
Khris Middleton,Khris Middleton,Khris Middleton,Khris Middleton
Killian Hayes,Killian Hayes,Killian Hayes,Killian Hayes
Kira Lewis Jr.,Kira Lewis Jr.,Kira Lewis Jr.,Kira Lewis Jr.
KJ Martin,KJ Martin,Kenyon Martin Jr.,KJ Martin
Klay Thompson,Klay Thompson,Klay Thompson,Klay Thompson
Kobe Brown,Kobe Brown,Kobe Brown,Kobe Brown
Kobe Bufkin,Kobe Bufkin,Kobe Bufkin,Kobe Bufkin
Kobi Simmons,,Kobi Simmons,Kobi Simmons
Kris Dunn,Kris Dunn,Kris Dunn,Kris Dunn
Kris Murray,Kris Murray,Kris Murray,Kris Murray
Kristaps Porzingis,Kristaps Porzingis,Kristaps Porzingis,Kristaps Porziņģis
Kyle Anderson,Kyle Anderson,Kyle Anderson,Kyle Anderson
Kyle Kuzma,Kyle Kuzma,Kyle Kuzma,Kyle Kuzma
Kyle Lowry,Kyle Lowry,Kyle Lowry,Kyle Lowry
Kyrie Irving,Kyrie Irving,Kyrie Irving,Kyrie Irving
Lamar Stevens,Lamar Stevens,Lamar Stevens,Lamar Stevens
LaMelo Ball,LaMelo Ball,LaMelo Ball,LaMelo Ball
Landry Shamet,Landry Shamet,Landry Shamet,Landry Shamet
Larry Nance Jr.,Larry Nance Jr.,Larry Nance Jr.,Larry Nance Jr.
Lauri Markkanen,Lauri Markkanen,Lauri Markkanen,Lauri Markkanen
Leaky Black,Leaky Black,Leaky Black,Leaky Black
LeBron James,LeBron James,LeBron James,LeBron James
Leonard Miller,,Leonard Miller,Leonard Miller
Lester Quinones,Lester Quinones,Lester Quinones,Lester Quinones
Lindell Wigginton,,Lindell Wigginton,Lindell Wigginton
Lindy Waters III,Lindy Waters III,Lindy Waters III,Lindy Waters III
Lonnie Walker IV,Lonnie Walker IV,Lonnie Walker IV,Lonnie Walker IV
Luguentz Dort,Luguentz Dort,Luguentz Dort,Luguentz Dort
Luka Doncic,Luka Doncic,Luka Doncic,Luka Dončić
Luka Garza,Luka Garza,Luka Garza,Luka Garza
Luka Samanic,Luka Samanic,Luka Samanic,Luka Samanic
Luke Kennard,Luke Kennard,Luke Kennard,Luke Kennard
Luke Kornet,Luke Kornet,Luke Kornet,Luke Kornet
Malachi Flynn,Malachi Flynn,Malachi Flynn,Malachi Flynn
Malaki Branham,Malaki Branham,Malaki Branham,Malaki Branham
Malcolm Brogdon,Malcolm Brogdon,Malcolm Brogdon,Malcolm Brogdon
Malcolm Cazalon,,,Malcolm Cazalon
Malik Beasley,Malik Beasley,Malik Beasley,Malik Beasley
Malik Monk,Malik Monk,Malik Monk,Malik Monk
Malik Williams,Malik Williams,Malik Williams,Malik Williams
Mamadi Diakite,,Mamadi Diakite,Mamadi Diakite
Maozinha Pereira,Maozinha Pereira,Maozinha Pereira,Maozinha Pereira
Marcus Morris Sr.,Marcus Morris Sr.,Marcus Morris Sr.,Marcus Morris Sr.
Marcus Sasser,Marcus Sasser,Marcus Sasser,Marcus Sasser
Marcus Smart,Marcus Smart,Marcus Smart,Marcus Smart
MarJon Beauchamp,MarJon Beauchamp,MarJon Beauchamp,MarJon Beauchamp
Mark Williams,Mark Williams,Mark Williams,Mark Williams
Markelle Fultz,Markelle Fultz,Markelle Fultz,Markelle Fultz
Markieff Morris,Markieff Morris,Markieff Morris,Markieff Morris
Markquis Nowell,,Markquis Nowell,Markquis Nowell
,Marques Bolden,Marques Bolden,Marques Bolden
Marvin Bagley III,Marvin Bagley III,Marvin Bagley III,Marvin Bagley III
Mason Jones,,Mason Jones,Mason Jones
Mason Plumlee,Mason Plumlee,Mason Plumlee,Mason Plumlee
Matisse Thybulle,Matisse Thybulle,Matisse Thybulle,Matisse Thybulle
Matt Hurt,Matt Hurt,Matt Hurt,Matt Hurt
Matt Ryan,Matt Ryan,Matt Ryan,Matt Ryan
Max Christie,Max Christie,Max Christie,Max Christie
Max Strus,Max Strus,Max Strus,Max Strus
Maxi Kleber,Maxi Kleber,Maxi Kleber,Maxi Kleber
Maxwell Lewis,Maxwell Lewis,Maxwell Lewis,Maxwell Lewis
Micah Potter,Micah Potter,Micah Potter,Micah Potter
Michael Porter Jr.,Michael Porter Jr.,Michael Porter Jr.,Michael Porter Jr.
Mikal Bridges,Mikal Bridges,Mikal Bridges,Mikal Bridges
Mike Conley,Mike Conley,Mike Conley,Mike Conley
Mike Muscala,Mike Muscala,Mike Muscala,Mike Muscala
Miles Bridges,Miles Bridges,Miles Bridges,Miles Bridges
Miles McBride,Miles McBride,Miles McBride,Miles McBride
Mitchell Robinson,Mitchell Robinson,Mitchell Robinson,Mitchell Robinson
Mo Bamba,Mo Bamba,Mo Bamba,Mo Bamba
Monte Morris,Monte Morris,Monte Morris,Monté Morris
,Moritz Wagner,Moritz Wagner,Moritz Wagner
Moses Brown,Moses Brown,Moses Brown,Moses Brown
Moses Moody,Moses Moody,Moses Moody,Moses Moody
Mouhamadou Gueye,Mouhamadou Gueye,Mouhamadou Gueye,Mouhamadou Gueye
Mouhamed Gueye,Mouhamed Gueye,Mouhamed Gueye,Mouhamed Gueye
Moussa Diabate,,Moussa Diabate,Moussa Diabaté
Myles Turner,Myles Turner,Myles Turner,Myles Turner
Naji Marshall,Naji Marshall,Naji Marshall,Naji Marshall
Nassir Little,Nassir Little,Nassir Little,Nassir Little
Nate Hinton,Nate Hinton,Nate Hinton,Nate Hinton
Nate Williams,Nate Williams,Nate Williams,Nate Williams
Nathan Mensah,Nathan Mensah,Nathan Mensah,Nathan Mensah
Naz Reid,Naz Reid,Naz Reid,Naz Reid
Neemias Queta,Neemias Queta,Neemias Queta,Neemias Queta
Nic Claxton,Nic Claxton,Nicolas Claxton,Nic Claxton
Nick Richards,Nick Richards,Nick Richards,Nick Richards
Nick Smith Jr.,Nick Smith Jr.,Nick Smith Jr.,Nick Smith Jr.
Nickeil Alexander-Walker,Nickeil Alexander-Walker,Nickeil Alexander-Walker,Nickeil Alexander-Walker
Nicolas Batum,Nicolas Batum,Nicolas Batum,Nicolas Batum
Nikola Jokic,Nikola Jokic,Nikola Jokic,Nikola Jokić
Nikola Jovic,Nikola Jovic,Nikola Jovic,Nikola Jović
Nikola Vucevic,Nikola Vucevic,Nikola Vucevic,Nikola Vučević
Noah Clowney,Noah Clowney,Noah Clowney,Noah Clowney
Norman Powell,Norman Powell,Norman Powell,Norman Powell
Obi Toppin,Obi Toppin,Obi Toppin,Obi Toppin
Ochai Agbaji,Ochai Agbaji,Ochai Agbaji,Ochai Agbaji
OG Anunoby,OG Anunoby,OG Anunoby,OG Anunoby
Olivier Sarr,Olivier Sarr,Olivier Sarr,Olivier Sarr
Olivier-Maxence Prosper,Olivier-Maxence Prosper,Olivier-Maxence Prosper,Olivier-Maxence Prosper
Omer Yurtseven,Omer Yurtseven,Omer Yurtseven,Omer Yurtseven
Onuralp Bitim,Onuralp Bitim,Onuralp Bitim,Onuralp Bitim
Onyeka Okongwu,Onyeka Okongwu,Onyeka Okongwu,Onyeka Okongwu
Orlando Robinson,Orlando Robinson,Orlando Robinson,Orlando Robinson
Oscar Tshiebwe,,Oscar Tshiebwe,Oscar Tshiebwe
Oshae Brissett,Oshae Brissett,Oshae Brissett,Oshae Brissett
Otto Porter Jr.,Otto Porter Jr.,Otto Porter Jr.,Otto Porter Jr.
Ousmane Dieng,Ousmane Dieng,Ousmane Dieng,Ousmane Dieng
P.J. Tucker,P.J. Tucker,P.J. Tucker,P.J. Tucker
P.J. Washington,P.J. Washington,P.J. Washington,P.J. Washington
Paolo Banchero,Paolo Banchero,Paolo Banchero,Paolo Banchero
Pascal Siakam,Pascal Siakam,Pascal Siakam,Pascal Siakam
Pat Connaughton,Pat Connaughton,Pat Connaughton,Pat Connaughton
Pat Spencer,,Pat Spencer,Pat Spencer
Patrick Baldwin Jr.,Patrick Baldwin Jr.,Patrick Baldwin Jr.,Patrick Baldwin Jr.
Patrick Beverley,Patrick Beverley,Patrick Beverley,Patrick Beverley
Patrick Williams,Patrick Williams,Patrick Williams,Patrick Williams
Patty Mills,Patty Mills,Patty Mills,Patty Mills
Paul George,Paul George,Paul George,Paul George
Paul Reed,Paul Reed,Paul Reed,Paul Reed
Payton Pritchard,Payton Pritchard,Payton Pritchard,Payton Pritchard
Pete Nance,,Pete Nance,Pete Nance
Peyton Watson,Peyton Watson,Peyton Watson,Peyton Watson
Precious Achiuwa,Precious Achiuwa,Precious Achiuwa,Precious Achiuwa
Quentin Grimes,Quentin Grimes,Quentin Grimes,Quentin Grimes
Quenton Jackson,,Quenton Jackson,Quenton Jackson
R.J. Hampton,R.J. Hampton,R.J. Hampton,R.J. Hampton
RaiQuan Gray,,RaiQuan Gray,RaiQuan Gray
Rayan Rupert,Rayan Rupert,Rayan Rupert,Rayan Rupert
Reggie Bullock Jr.,Reggie Bullock Jr.,Reggie Bullock,Reggie Bullock Jr.
Reggie Jackson,Reggie Jackson,Reggie Jackson,Reggie Jackson
Richaun Holmes,Richaun Holmes,Richaun Holmes,Richaun Holmes
Ricky Council IV,Ricky Council IV,Ricky Council IV,Ricky Council IV
RJ Barrett,RJ Barrett,RJ Barrett,RJ Barrett
Robert Covington,Robert Covington,Robert Covington,Robert Covington
Robert Williams III,Robert Williams III,Robert Williams III,Robert Williams III
Robin Lopez,,Robin Lopez,Robin Lopez
Ron Harper Jr.,,,Ron Harper Jr.
Royce O'Neale,Royce O'Neale,Royce O'Neale,Royce O'Neale
Rudy Gobert,Rudy Gobert,Rudy Gobert,Rudy Gobert
Rui Hachimura,Rui Hachimura,Rui Hachimura,Rui Hachimura
Russell Westbrook,Russell Westbrook,Russell Westbrook,Russell Westbrook
Ryan Arcidiacono,,Ryan Arcidiacono,Ryan Arcidiacono
Ryan Rollins,Ryan Rollins,Ryan Rollins,Ryan Rollins
Saben Lee,Saben Lee,Saben Lee,Saben Lee
Saddiq Bey,Saddiq Bey,Saddiq Bey,Saddiq Bey
Sam Hauser,Sam Hauser,Sam Hauser,Sam Hauser
Sam Merrill,Sam Merrill,Sam Merrill,Sam Merrill
Sandro Mamukelashvili,Sandro Mamukelashvili,Sandro Mamukelashvili,Sandro Mamukelashvili
Santi Aldama,Santi Aldama,Santi Aldama,Santi Aldama
Sasha Vezenkov,Sasha Vezenkov,Sasha Vezenkov,Sasha Vezenkov
Scoot Henderson,Scoot Henderson,Scoot Henderson,Scoot Henderson
Scottie Barnes,Scottie Barnes,Scottie Barnes,Scottie Barnes
Scotty Pippen Jr.,Scotty Pippen Jr.,Scotty Pippen Jr.,Scotty Pippen Jr.
Seth Curry,Seth Curry,Seth Curry,Seth Curry
Seth Lundy,,Seth Lundy,Seth Lundy
Shaedon Sharpe,Shaedon Sharpe,Shaedon Sharpe,Shaedon Sharpe
Shai Gilgeous-Alexander,Shai Gilgeous-Alexander,Shai Gilgeous-Alexander,Shai Gilgeous-Alexander
Shake Milton,Shake Milton,Shake Milton,Shake Milton
Shaquille Harrison,,Shaquille Harrison,Shaquille Harrison
Sidy Cissoko,Sidy Cissoko,Sidy Cissoko,Sidy Cissoko
Simone Fontecchio,Simone Fontecchio,Simone Fontecchio,Simone Fontecchio
Skylar Mays,Skylar Mays,Skylar Mays,Skylar Mays
Spencer Dinwiddie,Spencer Dinwiddie,Spencer Dinwiddie,Spencer Dinwiddie
Stanley Umude,Stanley Umude,Stanley Umude,Stanley Umude
Stephen Curry,Stephen Curry,Stephen Curry,Stephen Curry
Svi Mykhailiuk,Svi Mykhailiuk,Svi Mykhailiuk,Svi Mykhailiuk
T.J. McConnell,T.J. McConnell,T.J. McConnell,T.J. McConnell
T.J. Warren,T.J. Warren,T.J. Warren,T.J. Warren
Taj Gibson,Taj Gibson,Taj Gibson,Taj Gibson
Talen Horton-Tucker,Talen Horton-Tucker,Talen Horton-Tucker,Talen Horton-Tucker
Tari Eason,Tari Eason,Tari Eason,Tari Eason
Taurean Prince,Taurean Prince,Taurean Prince,Taurean Prince
Taylor Hendricks,Taylor Hendricks,Taylor Hendricks,Taylor Hendricks
,,Taze Moore,Tazé Moore
Terance Mann,Terance Mann,Terance Mann,Terance Mann
Terquavion Smith,Terquavion Smith,Terquavion Smith,Terquavion Smith
Terry Rozier,Terry Rozier,Terry Rozier,Terry Rozier
Terry Taylor,Terry Taylor,Terry Taylor,Terry Taylor
Thaddeus Young,Thaddeus Young,Thaddeus Young,Thaddeus Young
Thanasis Antetokounmpo,Thanasis Antetokounmpo,Thanasis Antetokounmpo,Thanasis Antetokounmpo
Theo Maledon,Theo Maledon,Theo Maledon,Theo Maledon
Thomas Bryant,Thomas Bryant,Thomas Bryant,Thomas Bryant
Tim Hardaway Jr.,Tim Hardaway Jr.,Tim Hardaway Jr.,Tim Hardaway Jr.
Timmy Allen,Timmy Allen,Timmy Allen,Timmy Allen
Tobias Harris,Tobias Harris,Tobias Harris,Tobias Harris
Torrey Craig,Torrey Craig,Torrey Craig,Torrey Craig
Tosan Evbuomwan,Tosan Evbuomwan,Tosan Evbuomwan,Tosan Evbuomwan
Toumani Camara,Toumani Camara,Toumani Camara,Toumani Camara
Trae Young,Trae Young,Trae Young,Trae Young
Trayce Jackson-Davis,Trayce Jackson-Davis,Trayce Jackson-Davis,Trayce Jackson-Davis
Tre Jones,Tre Jones,Tre Jones,Tre Jones
Tre Mann,Tre Mann,Tre Mann,Tre Mann
Trendon Watford,Trendon Watford,Trendon Watford,Trendon Watford
Trent Forrest,Trent Forrest,Trent Forrest,Trent Forrest
Trevelin Queen,Trevelin Queen,Trevelin Queen,Trevelin Queen
Trey Jemison III,Trey Jemison,Trey Jemison,Trey Jemison III
Trey Lyles,Trey Lyles,Trey Lyles,Trey Lyles
Trey Murphy III,Trey Murphy III,Trey Murphy III,Trey Murphy III
Tristan Thompson,Tristan Thompson,Tristan Thompson,Tristan Thompson
Tristan Vukcevic,Tristan Vukcevic,Tristan Vukcevic,Tristan Vukcevic
Troy Brown Jr.,Troy Brown Jr.,Troy Brown Jr.,Troy Brown Jr.
Ty Jerome,,Ty Jerome,Ty Jerome
Tyler Herro,Tyler Herro,Tyler Herro,Tyler Herro
Tyrese Haliburton,Tyrese Haliburton,Tyrese Haliburton,Tyrese Haliburton
Tyrese Maxey,Tyrese Maxey,Tyrese Maxey,Tyrese Maxey
TyTy Washington Jr.,,TyTy Washington Jr.,TyTy Washington Jr.
Tyus Jones,Tyus Jones,Tyus Jones,Tyus Jones
Udoka Azubuike,Udoka Azubuike,Udoka Azubuike,Udoka Azubuike
Usman Garuba,,Usman Garuba,Usman Garuba
Vasilije Micic,Vasilije Micic,Vasilije Micic,Vasilije Micić
Victor Wembanyama,Victor Wembanyama,Victor Wembanyama,Victor Wembanyama
Vince Williams Jr.,Vince Williams Jr.,Vince Williams Jr.,Vince Williams Jr.
Vit Krejci,Vit Krejci,Vit Krejci,Vít Krejčí
Walker Kessler,Walker Kessler,Walker Kessler,Walker Kessler
Wendell Carter Jr.,Wendell Carter Jr.,Wendell Carter Jr.,Wendell Carter Jr.
Wendell Moore Jr.,Wendell Moore Jr.,Wendell Moore Jr.,Wendell Moore Jr.
Wenyen Gabriel,Wenyen Gabriel,Wenyen Gabriel,Wenyen Gabriel
Wesley Matthews,Wesley Matthews,Wesley Matthews,Wesley Matthews
Xavier Moon,Xavier Moon,Xavier Moon,Xavier Moon
Xavier Tillman,Xavier Tillman,Xavier Tillman,Xavier Tillman
Yuta Watanabe,Yuta Watanabe,Yuta Watanabe,Yuta Watanabe
Zach Collins,Zach Collins,Zach Collins,Zach Collins
Zach LaVine,Zach LaVine,Zach Lavine,Zach LaVine
Zavier Simpson,Zavier Simpson,Zavier Simpson,Zavier Simpson
Zeke Nnaji,Zeke Nnaji,Zeke Nnaji,Zeke Nnaji
Ziaire Williams,Ziaire Williams,Ziaire Williams,Ziaire Williams
Zion Williamson,Zion Williamson,Zion Williamson,Zion Williamson