BBI Names,PBP stats names,Synergy names,NBA Names
Aaron Gordon,Aaron Gordon,Aaron Gordon,Aaron Gordon
Aaron Holiday,Aaron Holiday,Aaron Holiday,Aaron Holiday
Abdel Nader,Abdel Nader,Abdel Nader,Abdel Nader
Adam Mokoka,Adam Mokoka,Adam Mokoka,Adam Mokoka
Admiral Schofield,Admiral Schofield,Admiral Schofield,Admiral Schofield
,,Ahmed Hill,
Al Horford,Al Horford,Al Horford,Al Horford
Al-Farouq Aminu,Al-Farouq Aminu,Al-Farouq Aminu,Al-Farouq Aminu
Alec Burks,Alec Burks,Alec Burks,Alec Burks
Alen Smailagic,Alen Smailagic,Alen Smailagic,Alen Smailagic
Alex Caruso,Alex Caruso,Alex Caruso,Alex Caruso
Alex Len,Alex Len,Alex Len,Alex Len
Alfonzo McKinnie,Alfonzo McKinnie,Alfonzo McKinnie,Alfonzo McKinnie
Alize Johnson,Alize Johnson,Alize Johnson,Alize Johnson
Allen Crabbe,Allen Crabbe,Allen Crabbe,Allen Crabbe
Allonzo Trier,Allonzo Trier,Allonzo Trier,Allonzo Trier
Amile Jefferson,Amile Jefferson,Amile Jefferson,Amile Jefferson
Amir Coffey,Amir Coffey,Amir Coffey,Amir Coffey
Andre Drummond,Andre Drummond,Andre Drummond,Andre Drummond
Andre Iguodala,Andre Iguodala,Andre Iguodala,Andre Iguodala
Andre Roberson,Andre Roberson,Andre Roberson,Andre Roberson
Andrew Wiggins,Andrew Wiggins,Andrew  Wiggins,Andrew Wiggins
,,Andrew Wiggins,Andrew Wiggins
,,Andrew Harrison,
Anfernee Simons,Anfernee Simons,Anfernee Simons,Anfernee Simons
Ante Zizic,Ante Zizic,Ante Zizic,Ante Zizic
Anthony Davis,Anthony Davis,Anthony Davis,Anthony Davis
Anthony Tolliver,Anthony Tolliver,Anthony Tolliver,Anthony Tolliver
Antonius Cleveland,Antonius Cleveland,Antonius Cleveland,Antonius Cleveland
Anzejs Pasecniks,Anzejs Pasecniks,Anzejs Pasecniks,Anžejs Pasečņiks
,,Aric Holman,
,,Armoni Brooks,
Aron Baynes,Aron Baynes,Aron Baynes,Aron Baynes
Austin Rivers,Austin Rivers,Austin Rivers,Austin Rivers
Avery Bradley,Avery Bradley,Avery Bradley,Avery Bradley
Bam Adebayo,Bam Adebayo,Bam Adebayo,Bam Adebayo
Ben McLemore,Ben McLemore,Ben McLemore,Ben McLemore
Ben Simmons,Ben Simmons,Ben Simmons,Ben Simmons
Bismack Biyombo,Bismack Biyombo,Bismack Biyombo,Bismack Biyombo
BJ Johnson,BJ Johnson,BJ Johnson,BJ Johnson
Blake Griffin,Blake Griffin,Blake Griffin,Blake Griffin
Boban Marjanovic,Boban Marjanovic,Boban Marjanovic,Boban Marjanović
Bobby Portis,Bobby Portis,Bobby Portis,Bobby Portis
Bogdan Bogdanovic,Bogdan Bogdanovic,Bogdan Bogdanovic,Bogdan Bogdanović
Bojan Bogdanovic,Bojan Bogdanovic,Bojan Bogdanovic,Bojan Bogdanović
Bol Bol,Bol Bol,Bol Bol,Bol Bol
Brad Wanamaker,Brad Wanamaker,Brad Wanamaker,Brad Wanamaker
Bradley Beal,Bradley Beal,Bradley Beal,Bradley Beal
Brandon Clarke,Brandon Clarke,Brandon Clarke,Brandon Clarke
Brandon Goodwin,Brandon Goodwin,Brandon Goodwin,Brandon Goodwin
Brandon Ingram,Brandon Ingram,Brandon Ingram,Brandon Ingram
Brandon Knight,Brandon Knight,Brandon Knight,Brandon Knight
Brian Bowen II,Brian Bowen II,Brian Bowen II,Brian Bowen II
Brook Lopez,Brook Lopez,Brook Lopez,Brook Lopez
Bruce Brown,Bruce Brown,Bruce Brown,Bruce Brown
Bruno Caboclo,Bruno Caboclo,Bruno Caboclo,Bruno Caboclo
Bruno Fernando,Bruno Fernando,Bruno Fernando,Bruno Fernando
Bryn Forbes,Bryn Forbes,Bryn Forbes,Bryn Forbes
Buddy Hield,Buddy Hield,Buddy Hield,Buddy Hield
Caleb Martin,Caleb Martin,Caleb Martin,Caleb Martin
Caleb Swanigan,Caleb Swanigan,Caleb Swanigan,Caleb Swanigan
Cam Reddish,Cam Reddish,Cameron Reddish,Cam Reddish
Cameron Johnson,Cameron Johnson,Cameron Johnson,Cameron Johnson
Cameron Payne,Cameron Payne,Cameron Payne,Cameron Payne
,,Cameron Reynolds,
Caris LeVert,Caris LeVert,Caris LeVert,Caris LeVert
Carmelo Anthony,Carmelo Anthony,Carmelo Anthony,Carmelo Anthony
Carsen Edwards,Carsen Edwards,Carsen Edwards,Carsen Edwards
Cedi Osman,Cedi Osman,Cedi Osman,Cedi Osman
Chandler Hutchison,Chandler Hutchison,Chandler Hutchison,Chandler Hutchison
Chandler Parsons,Chandler Parsons,Chandler Parsons,Chandler Parsons
Charlie Brown Jr.,Charles Brown Jr.,Charles Brown,Charlie Brown Jr.
Chasson Randle,Chasson Randle,Chasson Randle,Chasson Randle
Cheick Diallo,Cheick Diallo,Cheick Diallo,Cheick Diallo
Chimezie Metu,Chimezie Metu,Chimezie Metu,Chimezie Metu
Chris Boucher,Chris Boucher,Chris Boucher,Chris Boucher
Chris Chiozza,Chris Chiozza,Chris Chiozza,Chris Chiozza
Chris Clemons,Chris Clemons,Chris Clemons,Chris Clemons
Chris Paul,Chris Paul,Chris Paul,Chris Paul
Chris Silva,Chris Silva,Chris Silva,Chris Silva
Christian Wood,Christian Wood,Christian Wood,Christian Wood
CJ McCollum,CJ McCollum,CJ McCollum,CJ McCollum
CJ Miles,CJ Miles,CJ Miles,CJ Miles
Clint Capela,Clint Capela,Clint Capela,Clint Capela
Coby White,Coby White,Coby White,Coby White
Cody Martin,Cody Martin,Cody Martin,Cody Martin
Cody Zeller,Cody Zeller,Cody Zeller,Cody Zeller
Collin Sexton,Collin Sexton,Collin Sexton,Collin Sexton
Corey Brewer,Corey Brewer,Corey Brewer,Corey Brewer
Cory Joseph,Cory Joseph,Cory Joseph,Cory Joseph
Courtney Lee,Courtney Lee,Courtney Lee,Courtney Lee
Cristiano Felicio,Cristiano Felicio,Cristiano Felicio,Cristiano Felicio
D.J. Augustin,D.J. Augustin,,D.J. Augustin
D.J. Wilson,D.J. Wilson,D.J. Wilson,D.J. Wilson
D'Angelo Russell,D'Angelo Russell,D'Angelo Russell,D'Angelo Russell
,,DAngelo Russell,D'Angelo Russell
,,Dakota Mathias,
Damian Jones,Damian Jones,Damian Jones,Damian Jones
Damian Lillard,Damian Lillard,Damian Lillard,Damian Lillard
Damion Lee,Damion Lee,Damion Lee,Damion Lee
Damyean Dotson,Damyean Dotson,Damyean Dotson,Damyean Dotson
Daniel Gafford,Daniel Gafford,Daniel Gafford,Daniel Gafford
,,Daniel Hamilton,
Daniel Theis,Daniel Theis,Daniel Theis,Daniel Theis
Danilo Gallinari,Danilo Gallinari,Danilo Galinari,Danilo Gallinari
Danny Green,Danny Green,Danny Green,Danny Green
Dante Exum,Dante Exum,Dante Exum,Danté Exum
Danuel House Jr.,Danuel House Jr.,Danuel House,Danuel House Jr.
DaQuan Jeffries,DaQuan Jeffries,DaQuan Jeffries,DaQuan Jeffries
Dario Saric,Dario Saric,Dario Saric,Dario Šarić
Darius Bazley,Darius Bazley,Darius Bazley,Darius Bazley
Darius Garland,Darius Garland,Darius Garland,Darius Garland
Daryl Macon,,Daryl Macon,Daryl Macon
David Nwaba,David Nwaba,David Nwaba,David Nwaba
,,David Stockton,
Davis Bertans,Davis Bertans,Davis Bertans,Dāvis Bertāns
,,Davon Reed,
De'Aaron Fox,De'Aaron Fox,De Aaron Fox,De'Aaron Fox
De'Andre Hunter,De'Andre Hunter,De'Andre Hunter,De'Andre Hunter
De'Anthony Melton,De'Anthony Melton,De'Anthony Melton,De'Anthony Melton
Dean Wade,Dean Wade,Dean Wade,Dean Wade
Deandre Ayton,Deandre Ayton,Deandre Ayton,Deandre Ayton
DeAndre Jordan,DeAndre Jordan,DeAndre Jordan,DeAndre Jordan
DeAndre' Bembry,DeAndre' Bembry,DeAndre Bembry,DeAndre' Bembry
Dejounte Murray,Dejounte Murray,Dejounte Murray,Dejounte Murray
Delon Wright,Delon Wright,Delon Wright,Delon Wright
DeMar DeRozan,DeMar DeRozan,DeMar DeRozan,DeMar DeRozan
DeMarre Carroll,DeMarre Carroll,DeMarre Carroll,DeMarre Carroll
,,Demetrius Jackson,
Dennis Schroder,Dennis Schroder,Dennis Schroder,Dennis Schröder
Dennis Smith Jr.,Dennis Smith Jr.,Dennis Smith Jr.,Dennis Smith Jr.
Denzel Valentine,Denzel Valentine,Denzel Valentine,Denzel Valentine
,Deonte Burton,Deonte Burton,Deonte Burton
Derrick Favors,Derrick Favors,Derrick Favors,Derrick Favors
Derrick Jones Jr.,Derrick Jones Jr.,Derrick Jones Jr.,Derrick Jones Jr.
Derrick Rose,Derrick Rose,Derrick Rose,Derrick Rose
Derrick Walton Jr.,Derrick Walton Jr.,Derrick Walton Jr.,Derrick Walton Jr.
Derrick White,Derrick White,Derrick White,Derrick White
Devin Booker,Devin Booker,Devin Booker,Devin Booker
Devon Hall,Devon Hall,Devon Hall,Devon Hall
,,Devontae Cacok,Devontae Cacok
Devonte' Graham,Devonte' Graham,Devonte Graham,Devonte' Graham
Dewan Hernandez,,Dewan Hernandez,Dewan Hernandez
Dewayne Dedmon,Dewayne Dedmon,Dewayne Dedmon,Dewayne Dedmon
Dillon Brooks,Dillon Brooks,Dillon Brooks,Dillon Brooks
Dion Waiters,Dion Waiters,Dion Waiters,Dion Waiters
,,DJ Augustin,
Domantas Sabonis,Domantas Sabonis,Domantas Sabonis,Domantas Sabonis
Donovan Mitchell,Donovan Mitchell,Donovan Mitchell,Donovan Mitchell
Donta Hall,Donta Hall,Donta Hall,Donta Hall
Donte DiVincenzo,Donte DiVincenzo,Donte DiVincenzo,Donte DiVincenzo
,,Donte Grantham,
Dorian Finney-Smith,Dorian Finney-Smith,Dorian Finney-Smith,Dorian Finney-Smith
Doug McDermott,Doug McDermott,Doug McDermott,Doug McDermott
Dragan Bender,Dragan Bender,Dragan Bender,Dragan Bender
Draymond Green,Draymond Green,Draymond Green,Draymond Green
Drew Eubanks,Drew Eubanks,Drew Eubanks,Drew Eubanks
Duncan Robinson,Duncan Robinson,Duncan Robinson,Duncan Robinson
Dusty Hannahs,,Dusty Hannahs,Dusty Hannahs
Dwayne Bacon,Dwayne Bacon,Dwayne Bacon,Dwayne Bacon
Dwight Howard,Dwight Howard,Dwight Howard,Dwight Howard
Dwight Powell,Dwight Powell,Dwight  Powell,Dwight Powell
Dzanan Musa,Dzanan Musa,Dzanan Musa,Dzanan Musa
E'Twaun Moore,E'Twaun Moore,E'Twaun Moore,E'Twaun Moore
Ed Davis,Ed Davis,Ed Davis,Ed Davis
Edmond Sumner,Edmond Sumner,Edmond Sumner,Edmond Sumner
Elfrid Payton,Elfrid Payton,Elfrid Payton,Elfrid Payton
Elie Okobo,Elie Okobo,Elie Okobo,Elie Okobo
Emmanuel Mudiay,Emmanuel Mudiay,Emmanuel Mudiay,Emmanuel Mudiay
Enes Freedom,Enes Kanter,Enes Kanter,Enes Freedom
Eric Bledsoe,Eric Bledsoe,Eric Bledsoe,Eric Bledsoe
Eric Gordon,Eric Gordon,Eric Gordon,Eric Gordon
Eric Mika,,Eric Mika,Eric Mika
Eric Paschall,Eric Paschall,Eric Paschall,Eric Paschall
Ersan Ilyasova,Ersan Ilyasova,Ersan Ilyasova,Ersan Ilyasova
Evan Fournier,Evan Fournier,Evan Fournier,Evan Fournier
Evan Turner,Evan Turner,Evan Turner,Evan Turner
Frank Jackson,Frank Jackson,Frank Jackson,Frank Jackson
Frank Kaminsky,Frank Kaminsky,Frank Kaminsky,Frank Kaminsky
Frank Mason III,Frank Mason,Frank Mason,Frank Mason III
Frank Ntilikina,Frank Ntilikina,Frank Ntilikina,Frank Ntilikina
Fred VanVleet,Fred VanVleet,Fred VanVleet,Fred VanVleet
Furkan Korkmaz,Furkan Korkmaz,Furkan Korkmaz,Furkan Korkmaz
Gabe Vincent,Gabe Vincent,Gabe Vincent,Gabe Vincent
Garrett Temple,Garrett Temple,Garrett Temple,Garrett Temple
Garrison Mathews,Garrison Mathews,Garrison Mathews,Garrison Mathews
Gary Clark,Gary Clark,Gary Clark,Gary Clark
Gary Harris,Gary Harris,Gary Harris,Gary Harris
Gary Payton II,Gary Payton II,Gary Payton II,Gary Payton II
Gary Trent Jr.,Gary Trent Jr.,Gary Trent Jr.,Gary Trent Jr.
George Hill,George Hill,George Hill,George Hill
Georges Niang,Georges Niang,Georges Niang,Georges Niang
,,Gerald Green,
Giannis Antetokounmpo,Giannis Antetokounmpo,Giannis Antetokounmpo,Giannis Antetokounmpo
Glenn Robinson III,Glenn Robinson III,Glenn Robinson III,Glenn Robinson III
Goga Bitadze,Goga Bitadze,Goga Bitadze,Goga Bitadze
Goran Dragic,Goran Dragic,Goran Dragic,Goran Dragic
Gordon Hayward,Gordon Hayward,Gordon Hayward,Gordon Hayward
Gorgui Dieng,Gorgui Dieng,Gorgui Dieng,Gorgui Dieng
Grant Williams,Grant Williams,Grant Williams,Grant Williams
Grayson Allen,Grayson Allen,Grayson Allen,Grayson Allen
Hamidou Diallo,Hamidou Diallo,Hamidou Diallo,Hamidou Diallo
Harrison Barnes,Harrison Barnes,Harrison Barnes,Harrison Barnes
Harry Giles III,Harry Giles III,Harry Giles,Harry Giles III
Hassan Whiteside,Hassan Whiteside,Hassan Whiteside,Hassan Whiteside
Henry Ellenson,,Henry Ellenson,Henry Ellenson
Ian Mahinmi,Ian Mahinmi,Ian Mahinmi,Ian Mahinmi
Ignas Brazdeikis,Ignas Brazdeikis,Ignas Brazdeikis,Ignas Brazdeikis
Iman Shumpert,Iman Shumpert,Iman Shumpert,Iman Shumpert
Isaac Bonga,Isaac Bonga,Isaac Bonga,Isaac Bonga
Isaiah Hartenstein,Isaiah Hartenstein,Isaiah Hartenstein,Isaiah Hartenstein
Isaiah Roby,,Isaiah Roby,Isaiah Roby
,,Isaiah Taylor,
Isaiah Thomas,Isaiah Thomas,Isaiah Thomas,Isaiah Thomas
Ish Smith,Ish Smith,Ish Smith,Ish Smith
,,Ivan Rabb,
Ivica Zubac,Ivica Zubac,Ivica Zubac,Ivica Zubac
J.J. Barea,J.J. Barea,J.J. Barea,J.J. Barea
,,,J.P. Macura
Ja Morant,Ja Morant,Ja Morant,Ja Morant
Jabari Parker,Jabari Parker,Jabari Parker,Jabari Parker
Jacob Evans,Jacob Evans,Jacob Evans,Jacob Evans
Jae Crowder,Jae Crowder,Jae Crowder,Jae Crowder
Jahlil Okafor,Jahlil Okafor,Jahlil Okafor,Jahlil Okafor
JaKarr Sampson,JaKarr Sampson,JaKarr Sampson,JaKarr Sampson
Jake Layman,Jake Layman,Jake Layman,Jake Layman
Jakob Poeltl,Jakob Poeltl,Jakob Poeltl,Jakob Poeltl
Jalen Brunson,Jalen Brunson,Jalen Brunson,Jalen Brunson
,,Jalen Jones,
Jalen Lecque,Jalen Lecque,Jalen Lecque,Jalen Lecque
Jalen McDaniels,Jalen McDaniels,Jalen McDaniels,Jalen McDaniels
Jamal Crawford,,Jamal Crawford,Jamal Crawford
Jamal Murray,Jamal Murray,Jamal Murray,Jamal Murray
James Ennis III,James Ennis III,James Ennis III,James Ennis III
James Harden,James Harden,James Harden,James Harden
James Johnson,James Johnson,James Johnson,James Johnson
,,James Palmer Jr.,
JaMychal Green,JaMychal Green,JaMychal Green,JaMychal Green
Jared Dudley,Jared Dudley,Jared Dudley,Jared Dudley
Jared Harper,,Jared Harper,Jared Harper
,,Jarell Martin,
Jaren Jackson Jr.,Jaren Jackson Jr.,Jaren Jackson Jr.,Jaren Jackson Jr.
Jarred Vanderbilt,Jarred Vanderbilt,Jarred Vanderbilt,Jarred Vanderbilt
Jarrell Brantley,Jarrell Brantley,Jarrell Brantley,Jarrell Brantley
Jarrett Allen,Jarrett Allen,Jarrett Allen,Jarrett Allen
Jarrett Culver,Jarrett Culver,Jarrett Culver,Jarrett Culver
Jarrod Uthoff,Jarrod Uthoff,Jarrod Uthoff,Jarrod Uthoff
JaVale McGee,JaVale McGee,JaVale McGee,JaVale McGee
Javonte Green,Javonte Green,Javonte Green,Javonte Green
Jaxson Hayes,Jaxson Hayes,Jaxson Hayes,Jaxson Hayes
,,Jaylen Adams,
Jaylen Brown,Jaylen Brown,Jaylen Brown,Jaylen Brown
Jaylen Hoard,Jaylen Hoard,Jaylen Hoard,Jaylen Hoard
Jaylen Nowell,Jaylen Nowell,Jaylen Nowell,Jaylen Nowell
Jayson Tatum,Jayson Tatum,Jayson Tatum,Jayson Tatum
Jeff Green,Jeff Green,Jeff Green,Jeff Green
Jeff Teague,Jeff Teague,Jeff Teague,Jeff Teague
,,Jemerrio Jones,
Jerami Grant,Jerami Grant,Jerami Grant,Jerami Grant
Jeremiah Martin,Jeremiah Martin,Jeremiah Martin,Jeremiah Martin
Jeremy Lamb,Jeremy Lamb,Jeremy Lamb,Jeremy Lamb
Jeremy Pargo,Jeremy Pargo,Jeremy Pargo,Jeremy Pargo
Jerian Grant,Jerian Grant,Jerian Grant,Jerian Grant
Jerome Robinson,Jerome Robinson,Jerome Robinson,Jerome Robinson
Jevon Carter,Jevon Carter,Jevon Carter,Jevon Carter
Jimmy Butler,Jimmy Butler,Jimmy Butler,Jimmy Butler III
JJ Redick,JJ Redick,JJ Redick,JJ Redick
Joakim Noah,Joakim Noah,Joakim Noah,Joakim Noah
Joe Chealey,Joe Chealey,Joe Chealey,Joe Chealey
Joe Harris,Joe Harris,Joe Harris,Joe Harris
Joe Ingles,Joe Ingles,Joe  Ingles,Joe Ingles
,,Joe Johnson,
Joel Embiid,Joel Embiid,Joel Embiid,Joel Embiid
John Collins,John Collins,John Collins,John Collins
John Henson,John Henson,John Henson,John Henson
John Konchar,John Konchar,John Konchar,John Konchar
Johnathan Motley,Johnathan Motley,Johnathan Motley,Johnathan Motley
Johnathan Williams,Johnathan Williams,Johnathan Williams,Johnathan Williams
Jonah Bolden,Jonah Bolden,Jonah Bolden,Jonah Bolden
Jonas Valanciunas,Jonas Valanciunas,Jonas Valanciunas,Jonas Valančiūnas
Jonathan Isaac,Jonathan Isaac,Jonathan Isaac,Jonathan Isaac
Jordan Bell,Jordan Bell,Jordan Bell,Jordan Bell
Jordan Bone,Jordan Bone,Jordan Bone,Jordan Bone
Jordan Clarkson,Jordan Clarkson,Jordan Clarkson,Jordan Clarkson
Jordan McLaughlin,Jordan McLaughlin,Jordan McLaughlin,Jordan McLaughlin
Jordan McRae,Jordan McRae,Jordan McRae,Jordan McRae
,,Jordan Murphy,
Jordan Poole,Jordan Poole,Jordan Poole,Jordan Poole
,,Jordan Sibert,
Josh Gray,,Josh Gray,Josh Gray
Josh Hart,Josh Hart,Josh Hart,Josh Hart
Josh Jackson,Josh Jackson,Josh Jackson,Josh Jackson
Josh Magette,Josh Magette,Josh Magette,Josh Magette
Josh Okogie,Josh Okogie,Josh Okogie,Josh Okogie
,,Josh Perkins,
,,Josh Reaves,Josh Reaves
Josh Richardson,Josh Richardson,Josh Richardson,Josh Richardson
JR Smith,JR Smith,JR Smith,JR Smith
Jrue Holiday,Jrue Holiday,Jrue Holiday,Jrue Holiday
Juan Toscano-Anderson,Juan Toscano-Anderson,Juan Toscano-Anderson,Juan Toscano-Anderson
Juancho Hernangomez,Juancho Hernangomez,Juan Hernangomez,Juancho Hernangomez
,,Juancho Hernangomez,Juancho Hernangomez
Julius Randle,Julius Randle,Julius Randle,Julius Randle
Justin Anderson,Justin Anderson,Justin Anderson,Justin Anderson
Justin Holiday,Justin Holiday,Justin Holiday,Justin Holiday
Justin Jackson,Justin Jackson,Justin Jackson,Justin Jackson
,Justin James,Justin James,Justin James
Justin Patton,,Justin Patton,Justin Patton
,Justin Robinson,Justin Robinson,Justin Robinson
,,Justin Simon,
Justin Wright-Foreman,Justin Wright-Foreman,Justin Wright-Foreman,Justin Wright-Foreman
Justise Winslow,Justise Winslow,Justise Winslow,Justise Winslow
Jusuf Nurkic,Jusuf Nurkic,Jusuf Nurkic,Jusuf Nurkić
Juwan Morgan,Juwan Morgan,Juwan Morgan,Juwan Morgan
Kadeem Allen,Kadeem Allen,Kadeem Allen,Kadeem Allen
,,Kaiser Gates,
Karl-Anthony Towns,Karl-Anthony Towns,Karl-Anthony Towns,Karl-Anthony Towns
,,Kavion Pippen,
Kawhi Leonard,Kawhi Leonard,Kawhi Leonard,Kawhi Leonard
Keita Bates-Diop,Keita Bates-Diop,Keita Bates-Diop,Keita Bates-Diop
Kelan Martin,Kelan Martin,Kelan Martin,Kelan Martin
Keldon Johnson,Keldon Johnson,Keldon Johnson,Keldon Johnson
Kelly Olynyk,Kelly Olynyk,Kelly Olynyk,Kelly Olynyk
Kelly Oubre Jr.,Kelly Oubre Jr.,Kelly Oubre Jr.,Kelly Oubre Jr.
Kemba Walker,Kemba Walker,Kemba Walker,Kemba Walker
Kendrick Nunn,Kendrick Nunn,Kendrick Nunn,Kendrick Nunn
Kenrich Williams,Kenrich Williams,Kenrich Williams,Kenrich Williams
Kent Bazemore,Kent Bazemore,Kent Bazemore,Kent Bazemore
Kentavious Caldwell-Pope,Kentavious Caldwell-Pope,Kentavious Caldwell-Pope,Kentavious Caldwell-Pope
Kevin Hervey,Kevin Hervey,Kevin Hervey,Kevin Hervey
Kevin Huerter,Kevin Huerter,Kevin Huerter,Kevin Huerter
Kevin Knox II,Kevin Knox II,Kevin Knox,Kevin Knox II
,,Kevin Knox II,
Kevin Love,Kevin Love,Kevin Love,Kevin Love
Kevin Porter Jr.,Kevin Porter Jr.,Kevin Porter Jr.,Kevin Porter Jr.
Kevon Looney,Kevon Looney,Kevon Looney,Kevon Looney
Khem Birch,Khem Birch,Khem Birch,Khem Birch
Khris Middleton,Khris Middleton,Khris Middleton,Khris Middleton
Khyri Thomas,Khyri Thomas,Khyri Thomas,Khyri Thomas
,,Kobi Simmons,
Kostas Antetokounmpo,,Kostas Antetokounmpo,Kostas Antetokounmpo
Kris Dunn,Kris Dunn,Kris Dunn,Kris Dunn
Kristaps Porzingis,Kristaps Porzingis,Kristaps Porzingis,Kristaps Porziņģis
Ky Bowman,Ky Bowman,Ky Bowman,Ky Bowman
,,Kyle Alexander,Kyle Alexander
Kyle Anderson,Kyle Anderson,Kyle Anderson,Kyle Anderson
Kyle Guy,,Kyle Guy,Kyle Guy
Kyle Korver,Kyle Korver,Kyle Korver,Kyle Korver
Kyle Kuzma,Kyle Kuzma,Kyle Kuzma,Kyle Kuzma
Kyle Lowry,Kyle Lowry,Kyle Lowry,Kyle Lowry
Kyle O'Quinn,Kyle O'Quinn,Kyle O'Quinn,Kyle O'Quinn
Kyrie Irving,Kyrie Irving,Kyrie Irving,Kyrie Irving
KZ Okpala,,KZ Okpala,KZ Okpala
LaMarcus Aldridge,LaMarcus Aldridge,LaMarcus Aldridge,LaMarcus Aldridge
Lance Thomas,Lance Thomas,Lance Thomas,Lance Thomas
Landry Shamet,Landry Shamet,Landry Shamet,Landry Shamet
Langston Galloway,Langston Galloway,Langston Galloway,Langston Galloway
Larry Nance Jr.,Larry Nance Jr.,Larry Nance Jr,Larry Nance Jr.
Lauri Markkanen,Lauri Markkanen,Lauri Markkanen,Lauri Markkanen
LeBron James,LeBron James,LeBron James,LeBron James
,,London Perrantes,
Lonnie Walker IV,Lonnie Walker IV,Lonnie Walker IV,Lonnie Walker IV
Lonzo Ball,Lonzo Ball,Lonzo Ball,Lonzo Ball
Lou Williams,Lou Williams,Lou Williams,Lou Williams
Louis King,Louis King,Louis King,Louis King
Luc Mbah a Moute,,Luc Mbah a Moute,Luc Mbah a Moute
Luguentz Dort,Luguentz Dort,Luguentz Dort,Luguentz Dort
Luka Doncic,Luka Doncic,Luka Doncic,Luka Dončić
Luka Samanic,Luka Samanic,Luka Samanic,Luka Samanic
Luke Kennard,Luke Kennard,Luke Kennard,Luke Kennard
Luke Kornet,Luke Kornet,Luke Kornet,Luke Kornet
,,Luke Maye,
Malcolm Brogdon,Malcolm Brogdon,Malcolm Brogdon,Malcolm Brogdon
Malcolm Miller,Malcolm Miller,Malcolm Miller,Malcolm Miller
Malik Beasley,Malik Beasley,Malik Beasley,Malik Beasley
Malik Monk,Malik Monk,Malik Monk,Malik Monk
Malik Newman,,Malik Newman,Malik Newman
Marc Gasol,Marc Gasol,Marc Gasol,Marc Gasol
Marco Belinelli,Marco Belinelli,Marco Belinelli,Marco Belinelli
,,Marcus Allen,
Marcus Morris Sr.,Marcus Morris Sr.,Marcus Morris,Marcus Morris Sr.
,,Marcus Morris Sr.,Marcus Morris Sr.
Marcus Smart,Marcus Smart,Marcus Smart,Marcus Smart
Marial Shayok,,Marial Shayok,Marial Shayok
Mario Hezonja,Mario Hezonja,Mario Hezonja,Mario Hezonja
Markelle Fultz,Markelle Fultz,Markelle Fultz,Markelle Fultz
Markieff Morris,Markieff Morris,Markieff Morris,Markieff Morris
Marko Guduric,Marko Guduric,Marko Guduric,Marko Guduric
,,Marques Bolden,Marques Bolden
Marquese Chriss,Marquese Chriss,Marquese Chriss,Marquese Chriss
Marvin Bagley III,Marvin Bagley III,Marvin Bagley III,Marvin Bagley III
Marvin Williams,Marvin Williams,Marvin  Williams,Marvin Williams
,,Marvin Williams,Marvin Williams
Mason Plumlee,Mason Plumlee,Mason Plumlee,Mason Plumlee
Matisse Thybulle,Matisse Thybulle,Matisse Thybulle,Matisse Thybulle
,,Matt Mooney,Matt Mooney
Matt Thomas,Matt Thomas,Matt Thomas,Matt Thomas
Matthew Dellavedova,Matthew Dellavedova,Matthew Dellavedova,Matthew Dellavedova
Maurice Harkless,Maurice Harkless,Maurice Harkless,Maurice Harkless
Max Strus,,Max Strus,Max Strus
Maxi Kleber,Maxi Kleber,Maxi Kleber,Maxi Kleber
Melvin Frazier Jr.,Melvin Frazier Jr.,Melvin Frazier Jr.,Melvin Frazier Jr.
Meyers Leonard,Meyers Leonard,Meyers Leonard,Meyers Leonard
Mfiondu Kabengele,Mfiondu Kabengele,Mfiondu Kabengele,Mfiondu Kabengele
Michael Carter-Williams,Michael Carter-Williams,Michael Carter-Williams,Michael Carter-Williams
Michael Frazier II,Michael Frazier,Michael Frazier,Michael Frazier II
Michael Kidd-Gilchrist,Michael Kidd-Gilchrist,Michael Kidd-Gilchrist,Michael Kidd-Gilchrist
Michael Porter Jr.,Michael Porter Jr.,Michael Porter Jr.,Michael Porter Jr.
Mikal Bridges,Mikal Bridges,Mikal Bridges,Mikal Bridges
Mike Conley,Mike Conley,Mike Conley,Mike Conley
Mike Muscala,Mike Muscala,Mike Muscala,Mike Muscala
Mike Scott,Mike Scott,Mike Scott,Mike Scott
Miles Bridges,Miles Bridges,Miles Bridges,Miles Bridges
,,Miles Plumlee,
,,Milton Doyle,
Mitchell Robinson,Mitchell Robinson,Mitchell Robinson,Mitchell Robinson
Miye Oni,Miye Oni,Miye Oni,Miye Oni
Mo Bamba,Mo Bamba,Mohamed Bamba,Mo Bamba
Monte Morris,Monte Morris,Monte Morris,Monté Morris
Montrezl Harrell,Montrezl Harrell,Montrezl Harrell,Montrezl Harrell
,Moritz Wagner,Moritz Wagner,Moritz Wagner
Moses Brown,Moses Brown,Moses Brown,Moses Brown
Mychal Mulder,Mychal Mulder,Mychal Mulder,Mychal Mulder
Myles Turner,Myles Turner,Myles Turner,Myles Turner
Nassir Little,Nassir Little,Nassir Little,Nassir Little
Naz Mitrou-Long,Naz Mitrou-Long,Naz Mitrou-Long,Naz Mitrou-Long
Naz Reid,Naz Reid,Naz Reid,Naz Reid
Nemanja Bjelica,Nemanja Bjelica,Nemanja Bjelica,Nemanja Bjelica
Nerlens Noel,Nerlens Noel,Nerlens Noel,Nerlens Noel
Nic Claxton,,Nicolas Claxton,Nic Claxton
Nickeil Alexander-Walker,Nickeil Alexander-Walker,Nickeil Alexander-Walker,Nickeil Alexander-Walker
Nicolas Batum,Nicolas Batum,Nicolas Batum,Nicolas Batum
,Nicolas Claxton,Nicolas Claxton,
,Nicolo Melli,Nicolo Melli,Nicolo Melli
Nigel Williams-Goss,Nigel Williams-Goss,Nigel Williams-Goss,Nigel Williams-Goss
Nikola Jokic,Nikola Jokic,Nikola Jokic,Nikola Jokić
Nikola Vucevic,Nikola Vucevic,Nikola Vucevic,Nikola Vučević
Noah Vonleh,Noah Vonleh,Noah Vonleh,Noah Vonleh
Norman Powell,Norman Powell,Norman Powell,Norman Powell
Norvel Pelle,Norvel Pelle,Norvel Pelle,Norvel Pelle
OG Anunoby,OG Anunoby,OG Anunoby,OG Anunoby
Omari Spellman,Omari Spellman,Omari Spellman,Omari Spellman
Oshae Brissett,Oshae Brissett,Oshae Brissett,Oshae Brissett
Otto Porter Jr.,Otto Porter Jr.,Otto Porter Jr.,Otto Porter Jr.
P.J. Tucker,P.J. Tucker,PJ Tucker,P.J. Tucker
P.J. Washington,P.J. Washington,P.J. Washington,P.J. Washington
Pascal Siakam,Pascal Siakam,Pascal Siakam,Pascal Siakam
Pat Connaughton,Pat Connaughton,Pat Connaughton,Pat Connaughton
Patrick Beverley,Patrick Beverley,Patrick Beverly,Patrick Beverley
Patrick McCaw,Patrick McCaw,Patrick McCaw,Patrick McCaw
Patrick Patterson,Patrick Patterson,Patrick Patterson,Patrick Patterson
Patty Mills,Patty Mills,Patty Mills,Patty Mills
Paul George,Paul George,Paul George,Paul George
Paul Millsap,Paul Millsap,Paul Millsap,Paul Millsap
Paul Watson,Paul Watson,Paul Watson,Paul Watson
,,Phil Booth,
PJ Dozier,PJ Dozier,PJ Dozier,PJ Dozier
Quinn Cook,Quinn Cook,Quinn Cook,Quinn Cook
Quinndary Weatherspoon,Quinndary Weatherspoon,Quinndary Weatherspoon,Quinndary Weatherspoon
Rajon Rondo,Rajon Rondo,Rajon Rondo,Rajon Rondo
Raul Neto,Raul Neto,Raul Neto,Raul Neto
Rayjon Tucker,Rayjon Tucker,Rayjon Tucker,Rayjon Tucker
Reggie Bullock Jr.,Reggie Bullock,Reggie Bullock,Reggie Bullock Jr.
Reggie Jackson,Reggie Jackson,Reggie Jackson,Reggie Jackson
Richaun Holmes,Richaun Holmes,Richaun Holmes,Richaun Holmes
Ricky Rubio,Ricky Rubio,Ricky Rubio,Ricky Rubio
RJ Barrett,RJ Barrett,RJ Barrett,RJ Barrett
Robert Covington,Robert Covington,Robert Covington,Robert Covington
,,Robert Franks,
Robert Williams III,Robert Williams III,Robert Williams III,Robert Williams III
Robin Lopez,Robin Lopez,Robin Lopez,Robin Lopez
Rodions Kurucs,Rodions Kurucs,Rodions Kurucs,Rodions Kurucs
Rodney Hood,Rodney Hood,Rodney Hood,Rodney Hood
Rodney McGruder,Rodney McGruder,Rodney McGruder,Rodney McGruder
Romeo Langford,Romeo Langford,Romeo Langford,Romeo Langford
Rondae Hollis-Jefferson,Rondae Hollis-Jefferson,Rondae Hollis-Jefferson,Rondae Hollis-Jefferson
Royce O'Neale,Royce O'Neale,Royce ONeale,Royce O'Neale
Rudy Gay,Rudy Gay,Rudy Gay,Rudy Gay
Rudy Gobert,Rudy Gobert,Rudy Gobert,Rudy Gobert
Rui Hachimura,Rui Hachimura,Rui Hachimura,Rui Hachimura
Russell Westbrook,Russell Westbrook,Russell Westbrook,Russell Westbrook
Ryan Anderson,,Ryan Anderson,Ryan Anderson
Ryan Arcidiacono,Ryan Arcidiacono,Ryan Arcidiacono,Ryan Arcidiacono
Ryan Broekhoff,Ryan Broekhoff,Ryan Broekhoff,Ryan Broekhoff
Sekou Doumbouya,Sekou Doumbouya,Sekou Doumbouya,Sekou Doumbouya
Semi Ojeleye,Semi Ojeleye,Semi Ojeleye,Semi Ojeleye
Serge Ibaka,Serge Ibaka,Serge Ibaka,Serge Ibaka
Seth Curry,Seth Curry,Seth Curry,Seth Curry
Shabazz Napier,Shabazz Napier,Shabazz Napier,Shabazz Napier
Shai Gilgeous-Alexander,Shai Gilgeous-Alexander,Shai Gilgeous-Alexander,Shai Gilgeous-Alexander
Shake Milton,Shake Milton,Shake Milton,Shake Milton
Shamorie Ponds,,Shamorie Ponds,Shamorie Ponds
Shaquille Harrison,Shaquille Harrison,Shaquille Harrison,Shaquille Harrison
Sindarius Thornwell,Sindarius Thornwell,Sindarius Thornwell,Sindarius Thornwell
Skal Labissiere,Skal Labissiere,Skal Labissiere,Skal Labissiere
Solomon Hill,Solomon Hill,Solomon Hill,Solomon Hill
Spencer Dinwiddie,Spencer Dinwiddie,Spencer Dinwiddie,Spencer Dinwiddie
Stanley Johnson,Stanley Johnson,Stanley Johnson,Stanley Johnson
,,Stanton Kidd,Stanton Kidd
Stephen Curry,Stephen Curry,Stephen Curry,Stephen Curry
Sterling Brown,Sterling Brown,Sterling Brown,Sterling Brown
Steven Adams,Steven Adams,Steven Adams,Steven Adams
Svi Mykhailiuk,Svi Mykhailiuk,Svi Mykhailiuk,Svi Mykhailiuk
T.J. Leaf,TJ Leaf,T.J. Leaf,T.J. Leaf
T.J. McConnell,T.J. McConnell,T.J. McConnell,T.J. McConnell
T.J. Warren,T.J. Warren,T.J. Warren,T.J. Warren
Tacko Fall,Tacko Fall,Tacko Fall,Tacko Fall
,,Tahjere McCall,
Taj Gibson,Taj Gibson,Taj Gibson,Taj Gibson
Talen Horton-Tucker,Talen Horton-Tucker,Talen Horton-Tucker,Talen Horton-Tucker
,,Tariq Owens,Tariq Owens
Taurean Prince,Taurean Prince,Taurean Prince,Taurean Prince
Terance Mann,Terance Mann,Terance Mann,Terance Mann
Terence Davis,Terence Davis,Terence Davis,Terence Davis
Terrance Ferguson,Terrance Ferguson,Terrance Ferguson,Terrance Ferguson
Terrence Ross,Terrence Ross,Terrence Ross,Terrence Ross
,,Terry Larrier,
Terry Rozier,Terry Rozier,Terry Rozier,Terry Rozier
,,Terry Rozier III,Terry Rozier
Thabo Sefolosha,Thabo Sefolosha,Thabo Sefolosha,Thabo Sefolosha
Thaddeus Young,Thaddeus Young,Thaddeus Young,Thaddeus Young
Thanasis Antetokounmpo,Thanasis Antetokounmpo,Thanasis Antetokounmpo,Thanasis Antetokounmpo
Theo Pinson,Theo Pinson,Theo Pinson,Theo Pinson
Thomas Bryant,Thomas Bryant,Thomas Bryant,Thomas Bryant
Thon Maker,Thon Maker,Thon Maker,Thon Maker
Tim Frazier,Tim Frazier,Tim Frazier,Tim Frazier
Tim Hardaway Jr.,Tim Hardaway Jr.,Tim Hardaway Jr.,Tim Hardaway Jr.
Timothe Luwawu-Cabarrot,Timothe Luwawu-Cabarrot,Timothe Luwawu-Cabarrot,Timothe Luwawu-Cabarrot
Tobias Harris,Tobias Harris,Tobias Harris,Tobias Harris
Tomas Satoransky,Tomas Satoransky,Tomas Satoransky,Tomas Satoransky
Tony Bradley,Tony Bradley,Tony Bradley,Tony Bradley
Tony Snell,Tony Snell,Tony Snell,Tony Snell
Torrey Craig,Torrey Craig,Torrey Craig,Torrey Craig
Trae Young,Trae Young,Trae Young,Trae Young
Tremont Waters,Tremont Waters,Tremont Waters,Tremont Waters
Treveon Graham,Treveon Graham,Treveon Graham,Treveon Graham
Trevor Ariza,Trevor Ariza,Trevor Ariza,Trevor Ariza
Trey Burke,Trey Burke,Trey Burke,Trey Burke
Trey Lyles,Trey Lyles,Trey Lyles,Trey Lyles
Tristan Thompson,Tristan Thompson,Tristan Thompson,Tristan Thompson
Troy Brown Jr.,Troy Brown Jr.,Troy Brown Jr.,Troy Brown Jr.
,,Troy Caupain,
Troy Daniels,Troy Daniels,Troy Daniels,Troy Daniels
Ty Jerome,Ty Jerome,Ty Jerome,Ty Jerome
Tyler Cook,Tyler Cook,Tyler Cook,Tyler Cook
Tyler Herro,Tyler Herro,Tyler Herro,Tyler Herro
Tyler Johnson,Tyler Johnson,Tyler Johnson,Tyler Johnson
Tyler Zeller,,Tyler Zeller,Tyler Zeller
Tyrone Wallace,Tyrone Wallace,Tyrone Wallace,Tyrone Wallace
Tyson Chandler,Tyson Chandler,Tyson Chandler,Tyson Chandler
Tyus Jones,Tyus Jones,Tyus Jones,Tyus Jones
Udonis Haslem,Udonis Haslem,Udonis Haslem,Udonis Haslem
,Vic Law,Vic Law,Vic Law
Victor Oladipo,Victor Oladipo,Victor Oladipo,Victor Oladipo
Vince Carter,Vince Carter,Vince Carter,Vince Carter
Vincent Poirier,Vincent Poirier,Vincent Poirier,Vincent Poirier
Vlatko Cancar,Vlatko Cancar,Vlatko Cancar,Vlatko Čančar
Wayne Ellington,Wayne Ellington,Wayne Ellington,Wayne Ellington
Wendell Carter Jr.,Wendell Carter Jr.,Wendell Carter Jr.,Wendell Carter Jr.
Wenyen Gabriel,Wenyen Gabriel,Wenyen Gabriel,Wenyen Gabriel
Wes Iwundu,Wes Iwundu,Wesley Iwundu,Wes Iwundu
Wesley Matthews,Wesley Matthews,Wesley Matthews,Wesley Matthews
Will Barton,Will Barton,Will Barton,Will Barton
William Howard,,William Howard,William Howard
Willie Cauley-Stein,Willie Cauley-Stein,Willie Cauley-Stein,Willie Cauley-Stein
Willy Hernangomez,Willy Hernangomez,Willy Hernangomez,Willy Hernangomez
Wilson Chandler,Wilson Chandler,Wilson Chandler,Wilson Chandler
Yogi Ferrell,Yogi Ferrell,Yogi Ferrell,Yogi Ferrell
,,Yudai Baba,
Yuta Watanabe,Yuta Watanabe,Yuta Watanabe,Yuta Watanabe
Zach Collins,Zach Collins,Zach Collins,Zach Collins
Zach LaVine,Zach LaVine,Zach Lavine,Zach LaVine
Zach Norvell Jr.,Zach Norvell Jr.,Zach Norvell Jr.,Zach Norvell Jr.
Zhaire Smith,Zhaire Smith,Zhaire Smith,Zhaire Smith
Zion Williamson,Zion Williamson,Zion Williamson,Zion Williamson
Zylan Cheatham,Zylan Cheatham,Zylan Cheatham,Zylan Cheatham